[
  {
    "line": 1,
    "elements": [
      {
        "before": [
          {
            "result": {
              "duration": 246914799,
              "status": "passed"
            },
            "match": {
              "location": "UpdtPhnSteps.setUp()"
            }
          },
          {
            "result": {
              "duration": 10677799,
              "status": "passed"
            },
            "match": {
              "location": "FndEmpPhnsSteps.setUp()"
            }
          },
          {
            "result": {
              "duration": 20953600,
              "status": "passed"
            },
            "match": {
              "location": "FndEmpSteps.setUp()"
            }
          },
          {
            "result": {
              "duration": 10701599,
              "status": "passed"
            },
            "match": {
              "location": "InsPhnSteps.setUp()"
            }
          },
          {
            "result": {
              "duration": 13697201,
              "status": "passed"
            },
            "match": {
              "location": "DelPhnSteps.setUp()"
            }
          }
        ],
        "line": 3,
        "name": "Delete phone numbers of employees",
        "description": "",
        "id": "delete-employee-phone-numbers;delete-phone-numbers-of-employees",
        "type": "scenario",
        "keyword": "Scenario",
        "steps": [
          {
            "result": {
              "duration": 492679700,
              "status": "passed"
            },
            "line": 4,
            "name": "I have phone number to be deleted",
            "match": {
              "location": "DelPhnSteps.delete_ph_number()"
            },
            "keyword": "Given "
          },
          {
            "result": {
              "duration": 1084046701,
              "status": "passed"
            },
            "line": 5,
            "name": "I call delete employee phone number service",
            "match": {
              "location": "DelPhnSteps.call_delete_phone_service_to_update_data()"
            },
            "keyword": "When "
          },
          {
            "result": {
              "duration": 2719700,
              "status": "passed"
            },
            "line": 6,
            "name": "delete phone number",
            "match": {
              "location": "DelPhnSteps.delete_valid_phone_number_response()"
            },
            "keyword": "Then "
          }
        ]
      },
      {
        "before": [
          {
            "result": {
              "duration": 7393699,
              "status": "passed"
            },
            "match": {
              "location": "UpdtPhnSteps.setUp()"
            }
          },
          {
            "result": {
              "duration": 6871001,
              "status": "passed"
            },
            "match": {
              "location": "FndEmpPhnsSteps.setUp()"
            }
          },
          {
            "result": {
              "duration": 7240601,
              "status": "passed"
            },
            "match": {
              "location": "FndEmpSteps.setUp()"
            }
          },
          {
            "result": {
              "duration": 6377000,
              "status": "passed"
            },
            "match": {
              "location": "InsPhnSteps.setUp()"
            }
          },
          {
            "result": {
              "duration": 5783200,
              "status": "passed"
            },
            "match": {
              "location": "DelPhnSteps.setUp()"
            }
          }
        ],
        "line": 8,
        "name": "Delete phone numbers of employees by calling SP",
        "description": "",
        "id": "delete-employee-phone-numbers;delete-phone-numbers-of-employees-by-calling-sp",
        "type": "scenario",
        "keyword": "Scenario",
        "steps": [
          {
            "result": {
              "duration": 767200,
              "status": "passed"
            },
            "line": 9,
            "name": "I have phone number to be deleted",
            "match": {
              "location": "DelPhnSteps.delete_ph_number()"
            },
            "keyword": "Given "
          },
          {
            "result": {
              "duration": 569323001,
              "status": "passed"
            },
            "line": 10,
            "name": "I call delete employee phone number service which calls SP",
            "match": {
              "location": "DelPhnSteps.call_delete_phone_service_to_delete_data_by_calling_SP()"
            },
            "keyword": "When "
          },
          {
            "result": {
              "duration": 659300,
              "status": "passed"
            },
            "line": 11,
            "name": "delete phone number",
            "match": {
              "location": "DelPhnSteps.delete_valid_phone_number_response()"
            },
            "keyword": "Then "
          }
        ]
      },
      {
        "before": [
          {
            "result": {
              "duration": 4693200,
              "status": "passed"
            },
            "match": {
              "location": "UpdtPhnSteps.setUp()"
            }
          },
          {
            "result": {
              "duration": 4098900,
              "status": "passed"
            },
            "match": {
              "location": "FndEmpPhnsSteps.setUp()"
            }
          },
          {
            "result": {
              "duration": 4392200,
              "status": "passed"
            },
            "match": {
              "location": "FndEmpSteps.setUp()"
            }
          },
          {
            "result": {
              "duration": 4211200,
              "status": "passed"
            },
            "match": {
              "location": "InsPhnSteps.setUp()"
            }
          },
          {
            "result": {
              "duration": 4567600,
              "status": "passed"
            },
            "match": {
              "location": "DelPhnSteps.setUp()"
            }
          }
        ],
        "line": 13,
        "name": "when employee id is null",
        "description": "",
        "id": "delete-employee-phone-numbers;when-employee-id-is-null",
        "type": "scenario",
        "keyword": "Scenario",
        "steps": [
          {
            "result": {
              "duration": 573799,
              "status": "passed"
            },
            "line": 14,
            "name": "I have phone number to be deleted and employee id to be associated with it as null",
            "match": {
              "location": "DelPhnSteps.delete_ph_number_with_null_employee_id()"
            },
            "keyword": "Given "
          },
          {
            "result": {
              "duration": 153477301,
              "status": "passed"
            },
            "line": 15,
            "name": "I call delete employee phone number service with null employee Id",
            "match": {
              "location": "DelPhnSteps.call_delete_phone_service_to_delete_data_with_null_employee_id()"
            },
            "keyword": "When "
          },
          {
            "result": {
              "duration": 501401,
              "status": "passed"
            },
            "line": 16,
            "name": "throw error as employee id can not be null for delete phone service",
            "match": {
              "location": "DelPhnSteps.delete_invalid_phone_number_response_for_null_employee_id()"
            },
            "keyword": "Then "
          }
        ]
      },
      {
        "before": [
          {
            "result": {
              "duration": 5521700,
              "status": "passed"
            },
            "match": {
              "location": "UpdtPhnSteps.setUp()"
            }
          },
          {
            "result": {
              "duration": 4284400,
              "status": "passed"
            },
            "match": {
              "location": "FndEmpPhnsSteps.setUp()"
            }
          },
          {
            "result": {
              "duration": 4252801,
              "status": "passed"
            },
            "match": {
              "location": "FndEmpSteps.setUp()"
            }
          },
          {
            "result": {
              "duration": 4243000,
              "status": "passed"
            },
            "match": {
              "location": "InsPhnSteps.setUp()"
            }
          },
          {
            "result": {
              "duration": 3980800,
              "status": "passed"
            },
            "match": {
              "location": "DelPhnSteps.setUp()"
            }
          }
        ],
        "line": 18,
        "name": "when phone number is provided as null",
        "description": "",
        "id": "delete-employee-phone-numbers;when-phone-number-is-provided-as-null",
        "type": "scenario",
        "keyword": "Scenario",
        "steps": [
          {
            "result": {
              "duration": 506800,
              "status": "passed"
            },
            "line": 19,
            "name": "I have phone number as null which needs to be deleted",
            "match": {
              "location": "DelPhnSteps.delete_ph_number_with_null_phone_number()"
            },
            "keyword": "Given "
          },
          {
            "result": {
              "duration": 67120600,
              "status": "passed"
            },
            "line": 20,
            "name": "I call employee phone numbers service to delete with null phone number",
            "match": {
              "location": "DelPhnSteps.call_delete_phone_service_to_delete_data_with_null_phone_number()"
            },
            "keyword": "When "
          },
          {
            "result": {
              "duration": 520600,
              "status": "passed"
            },
            "line": 21,
            "name": "throw error as employee phone number can not be null for delete phone service",
            "match": {
              "location": "DelPhnSteps.delete_invalid_phone_number_response_for_null_phone_number()"
            },
            "keyword": "Then "
          }
        ]
      },
      {
        "before": [
          {
            "result": {
              "duration": 5096099,
              "status": "passed"
            },
            "match": {
              "location": "UpdtPhnSteps.setUp()"
            }
          },
          {
            "result": {
              "duration": 3978401,
              "status": "passed"
            },
            "match": {
              "location": "FndEmpPhnsSteps.setUp()"
            }
          },
          {
            "result": {
              "duration": 4631200,
              "status": "passed"
            },
            "match": {
              "location": "FndEmpSteps.setUp()"
            }
          },
          {
            "result": {
              "duration": 9049001,
              "status": "passed"
            },
            "match": {
              "location": "InsPhnSteps.setUp()"
            }
          },
          {
            "result": {
              "duration": 4458400,
              "status": "passed"
            },
            "match": {
              "location": "DelPhnSteps.setUp()"
            }
          }
        ],
        "line": 23,
        "name": "when effective date is provided as null",
        "description": "",
        "id": "delete-employee-phone-numbers;when-effective-date-is-provided-as-null",
        "type": "scenario",
        "keyword": "Scenario",
        "steps": [
          {
            "result": {
              "duration": 486600,
              "status": "passed"
            },
            "line": 24,
            "name": "I have effective date as null which needs to be deleted",
            "match": {
              "location": "DelPhnSteps.delete_ph_number_with_null_effective_date()"
            },
            "keyword": "Given "
          },
          {
            "result": {
              "duration": 82786100,
              "status": "passed"
            },
            "line": 25,
            "name": "I call employee phone numbers service to delete with null effective date",
            "match": {
              "location": "DelPhnSteps.call_delete_phone_service_to_delete_data_with_null_effective_date()"
            },
            "keyword": "When "
          },
          {
            "result": {
              "duration": 818400,
              "status": "passed"
            },
            "line": 26,
            "name": "throw error as effective date can not be null for delete phone service",
            "match": {
              "location": "DelPhnSteps.delete_invalid_phone_number_response_for_null_effective_date()"
            },
            "keyword": "Then "
          }
        ]
      },
      {
        "before": [
          {
            "result": {
              "duration": 4583000,
              "status": "passed"
            },
            "match": {
              "location": "UpdtPhnSteps.setUp()"
            }
          },
          {
            "result": {
              "duration": 9408099,
              "status": "passed"
            },
            "match": {
              "location": "FndEmpPhnsSteps.setUp()"
            }
          },
          {
            "result": {
              "duration": 5320901,
              "status": "passed"
            },
            "match": {
              "location": "FndEmpSteps.setUp()"
            }
          },
          {
            "result": {
              "duration": 4430400,
              "status": "passed"
            },
            "match": {
              "location": "InsPhnSteps.setUp()"
            }
          },
          {
            "result": {
              "duration": 6004000,
              "status": "passed"
            },
            "match": {
              "location": "DelPhnSteps.setUp()"
            }
          }
        ],
        "line": 28,
        "name": "when phone type code is provided as null",
        "description": "",
        "id": "delete-employee-phone-numbers;when-phone-type-code-is-provided-as-null",
        "type": "scenario",
        "keyword": "Scenario",
        "steps": [
          {
            "result": {
              "duration": 536900,
              "status": "passed"
            },
            "line": 29,
            "name": "I have phone type code as null which needs to be deleted",
            "match": {
              "location": "DelPhnSteps.delete_ph_number_with_null_phone_type_code()"
            },
            "keyword": "Given "
          },
          {
            "result": {
              "duration": 103446000,
              "status": "passed"
            },
            "line": 30,
            "name": "I call employee phone numbers service to delete with null phone type code",
            "match": {
              "location": "DelPhnSteps.call_delete_phone_service_to_delete_data_with_null_phone_type_code()"
            },
            "keyword": "When "
          },
          {
            "result": {
              "duration": 426200,
              "status": "passed"
            },
            "line": 31,
            "name": "throw error as phone type code can not be null for delete phone service",
            "match": {
              "location": "DelPhnSteps.delete_invalid_phone_number_response_for_null_phone_type_code()"
            },
            "keyword": "Then "
          }
        ]
      },
      {
        "before": [
          {
            "result": {
              "duration": 4180700,
              "status": "passed"
            },
            "match": {
              "location": "UpdtPhnSteps.setUp()"
            }
          },
          {
            "result": {
              "duration": 3668899,
              "status": "passed"
            },
            "match": {
              "location": "FndEmpPhnsSteps.setUp()"
            }
          },
          {
            "result": {
              "duration": 3721100,
              "status": "passed"
            },
            "match": {
              "location": "FndEmpSteps.setUp()"
            }
          },
          {
            "result": {
              "duration": 4587600,
              "status": "passed"
            },
            "match": {
              "location": "InsPhnSteps.setUp()"
            }
          },
          {
            "result": {
              "duration": 3546900,
              "status": "passed"
            },
            "match": {
              "location": "DelPhnSteps.setUp()"
            }
          }
        ],
        "line": 33,
        "name": "when the delete phone service url is wrong",
        "description": "",
        "id": "delete-employee-phone-numbers;when-the-delete-phone-service-url-is-wrong",
        "type": "scenario",
        "keyword": "Scenario",
        "steps": [
          {
            "result": {
              "duration": 413901,
              "status": "passed"
            },
            "line": 34,
            "name": "I have phone number to be deleted with wrong url",
            "match": {
              "location": "DelPhnSteps.delete_ph_number_with_wrong_url()"
            },
            "keyword": "Given "
          },
          {
            "result": {
              "duration": 9160600,
              "status": "passed"
            },
            "line": 35,
            "name": "I call employee phone numbers service to delete with wrong url",
            "match": {
              "location": "DelPhnSteps.call_delete_phone_service_to_delete_data_with_wrong_url()"
            },
            "keyword": "When "
          },
          {
            "result": {
              "duration": 2046600,
              "status": "passed"
            },
            "line": 36,
            "name": "throw error as delete url is wrong",
            "match": {
              "location": "DelPhnSteps.delete_invalid_phone_number_response_for_wrong_url()"
            },
            "keyword": "Then "
          }
        ]
      },
      {
        "before": [
          {
            "result": {
              "duration": 4615500,
              "status": "passed"
            },
            "match": {
              "location": "UpdtPhnSteps.setUp()"
            }
          },
          {
            "result": {
              "duration": 3725600,
              "status": "passed"
            },
            "match": {
              "location": "FndEmpPhnsSteps.setUp()"
            }
          },
          {
            "result": {
              "duration": 4569801,
              "status": "passed"
            },
            "match": {
              "location": "FndEmpSteps.setUp()"
            }
          },
          {
            "result": {
              "duration": 6473000,
              "status": "passed"
            },
            "match": {
              "location": "InsPhnSteps.setUp()"
            }
          },
          {
            "result": {
              "duration": 4137101,
              "status": "passed"
            },
            "match": {
              "location": "DelPhnSteps.setUp()"
            }
          }
        ],
        "line": 38,
        "name": "when employee id is incorrect",
        "description": "",
        "id": "delete-employee-phone-numbers;when-employee-id-is-incorrect",
        "type": "scenario",
        "keyword": "Scenario",
        "steps": [
          {
            "result": {
              "duration": 440200,
              "status": "passed"
            },
            "line": 39,
            "name": "I have phone number to be deleted and employee id associated with it is incorrect",
            "match": {
              "location": "DelPhnSteps.delete_ph_number_with_incorrect_employee_id()"
            },
            "keyword": "Given "
          },
          {
            "result": {
              "duration": 101212101,
              "status": "passed"
            },
            "line": 40,
            "name": "I call delete employee phone number service with incorrect employee Id",
            "match": {
              "location": "DelPhnSteps.call_delete_phone_service_to_delete_data_with_incorrect_employee_id()"
            },
            "keyword": "When "
          },
          {
            "result": {
              "duration": 438800,
              "status": "passed"
            },
            "line": 41,
            "name": "throw error as employee id is incorrect for delete phone service",
            "match": {
              "location": "DelPhnSteps.delete_invalid_phone_number_response_for_incorrect_employee_id()"
            },
            "keyword": "Then "
          }
        ]
      },
      {
        "before": [
          {
            "result": {
              "duration": 4168500,
              "status": "passed"
            },
            "match": {
              "location": "UpdtPhnSteps.setUp()"
            }
          },
          {
            "result": {
              "duration": 3990200,
              "status": "passed"
            },
            "match": {
              "location": "FndEmpPhnsSteps.setUp()"
            }
          },
          {
            "result": {
              "duration": 7770200,
              "status": "passed"
            },
            "match": {
              "location": "FndEmpSteps.setUp()"
            }
          },
          {
            "result": {
              "duration": 8088200,
              "status": "passed"
            },
            "match": {
              "location": "InsPhnSteps.setUp()"
            }
          },
          {
            "result": {
              "duration": 4085300,
              "status": "passed"
            },
            "match": {
              "location": "DelPhnSteps.setUp()"
            }
          }
        ],
        "line": 43,
        "name": "when phone number is incorrect",
        "description": "",
        "id": "delete-employee-phone-numbers;when-phone-number-is-incorrect",
        "type": "scenario",
        "keyword": "Scenario",
        "steps": [
          {
            "result": {
              "duration": 992799,
              "status": "passed"
            },
            "line": 44,
            "name": "I have incorrect phone number which needs to be deleted",
            "match": {
              "location": "DelPhnSteps.delete_ph_number_with_inocrrect_phone_number()"
            },
            "keyword": "Given "
          },
          {
            "result": {
              "duration": 83344600,
              "status": "passed"
            },
            "line": 45,
            "name": "I call employee phone number service to delete with incorrect phone number",
            "match": {
              "location": "DelPhnSteps.call_delete_phone_service_to_delete_data_with_inocrrect_phone_number()"
            },
            "keyword": "When "
          },
          {
            "result": {
              "duration": 422600,
              "status": "passed"
            },
            "line": 46,
            "name": "throw error as employee phone number is incorrect for delete phone service",
            "match": {
              "location": "DelPhnSteps.delete_invalid_phone_number_response_for_inocrrect_phone_number()"
            },
            "keyword": "Then "
          }
        ]
      },
      {
        "before": [
          {
            "result": {
              "duration": 4007900,
              "status": "passed"
            },
            "match": {
              "location": "UpdtPhnSteps.setUp()"
            }
          },
          {
            "result": {
              "duration": 3962301,
              "status": "passed"
            },
            "match": {
              "location": "FndEmpPhnsSteps.setUp()"
            }
          },
          {
            "result": {
              "duration": 3657100,
              "status": "passed"
            },
            "match": {
              "location": "FndEmpSteps.setUp()"
            }
          },
          {
            "result": {
              "duration": 3829900,
              "status": "passed"
            },
            "match": {
              "location": "InsPhnSteps.setUp()"
            }
          },
          {
            "result": {
              "duration": 20320800,
              "status": "passed"
            },
            "match": {
              "location": "DelPhnSteps.setUp()"
            }
          }
        ],
        "line": 48,
        "name": "when effective date is incorrect",
        "description": "",
        "id": "delete-employee-phone-numbers;when-effective-date-is-incorrect",
        "type": "scenario",
        "keyword": "Scenario",
        "steps": [
          {
            "result": {
              "duration": 435800,
              "status": "passed"
            },
            "line": 49,
            "name": "I have incorrect effective date which needs to be deleted",
            "match": {
              "location": "DelPhnSteps.delete_ph_number_with_incorrect_effective_date()"
            },
            "keyword": "Given "
          },
          {
            "result": {
              "duration": 67558700,
              "status": "passed"
            },
            "line": 50,
            "name": "I call employee phone number service to delete with incorrect effective date",
            "match": {
              "location": "DelPhnSteps.call_delete_phone_service_to_delete_data_with_incorrect_effective_date()"
            },
            "keyword": "When "
          },
          {
            "result": {
              "duration": 637400,
              "status": "passed"
            },
            "line": 51,
            "name": "throw error as effective date is incorrect for delete phone service",
            "match": {
              "location": "DelPhnSteps.delete_invalid_phone_number_response_for_incorrect_effective_date()"
            },
            "keyword": "Then "
          }
        ]
      },
      {
        "before": [
          {
            "result": {
              "duration": 4074300,
              "status": "passed"
            },
            "match": {
              "location": "UpdtPhnSteps.setUp()"
            }
          },
          {
            "result": {
              "duration": 3650100,
              "status": "passed"
            },
            "match": {
              "location": "FndEmpPhnsSteps.setUp()"
            }
          },
          {
            "result": {
              "duration": 3908799,
              "status": "passed"
            },
            "match": {
              "location": "FndEmpSteps.setUp()"
            }
          },
          {
            "result": {
              "duration": 3684101,
              "status": "passed"
            },
            "match": {
              "location": "InsPhnSteps.setUp()"
            }
          },
          {
            "result": {
              "duration": 3622001,
              "status": "passed"
            },
            "match": {
              "location": "DelPhnSteps.setUp()"
            }
          }
        ],
        "line": 53,
        "name": "when phone type code is incorrect",
        "description": "",
        "id": "delete-employee-phone-numbers;when-phone-type-code-is-incorrect",
        "type": "scenario",
        "keyword": "Scenario",
        "steps": [
          {
            "result": {
              "duration": 431200,
              "status": "passed"
            },
            "line": 54,
            "name": "I have incorrect phone type code which needs to be deleted",
            "match": {
              "location": "DelPhnSteps.delete_ph_number_with_incorrect_phone_type_code()"
            },
            "keyword": "Given "
          },
          {
            "result": {
              "duration": 64249399,
              "status": "passed"
            },
            "line": 55,
            "name": "I call employee phone number service to delete with incorrect phone type code",
            "match": {
              "location": "DelPhnSteps.call_delete_phone_service_to_delete_data_with_incorrect_phone_type_code()"
            },
            "keyword": "When "
          },
          {
            "result": {
              "duration": 702900,
              "status": "passed"
            },
            "line": 56,
            "name": "throw error as phone type code is incorrect for delete phone service",
            "match": {
              "location": "DelPhnSteps.delete_invalid_phone_number_response_for_incorrect_phone_type_code()"
            },
            "keyword": "Then "
          }
        ]
      }
    ],
    "name": "Delete Employee Phone Numbers",
    "description": "",
    "id": "delete-employee-phone-numbers",
    "keyword": "Feature",
    "uri": "src/test/java/com/delta/cru/cucumber/features/delPhn.feature",
    "tags": []
  },
  {
    "line": 1,
    "elements": [
      {
        "before": [
          {
            "result": {
              "duration": 4260201,
              "status": "passed"
            },
            "match": {
              "location": "UpdtPhnSteps.setUp()"
            }
          },
          {
            "result": {
              "duration": 3562200,
              "status": "passed"
            },
            "match": {
              "location": "FndEmpPhnsSteps.setUp()"
            }
          },
          {
            "result": {
              "duration": 3548501,
              "status": "passed"
            },
            "match": {
              "location": "FndEmpSteps.setUp()"
            }
          },
          {
            "result": {
              "duration": 3855901,
              "status": "passed"
            },
            "match": {
              "location": "InsPhnSteps.setUp()"
            }
          },
          {
            "result": {
              "duration": 3938800,
              "status": "passed"
            },
            "match": {
              "location": "DelPhnSteps.setUp()"
            }
          }
        ],
        "line": 4,
        "name": "Fetch Employee Id and Name for given Employee Id",
        "description": "",
        "id": "get-employee-id-and-display-name;fetch-employee-id-and-name-for-given-employee-id",
        "type": "scenario",
        "keyword": "Scenario",
        "steps": [
          {
            "result": {
              "duration": 428000,
              "status": "passed"
            },
            "line": 5,
            "name": "I have a list of Employees",
            "match": {
              "location": "FndEmpSteps.i_have_a_list_of_Employees()"
            },
            "keyword": "Given "
          },
          {
            "result": {
              "duration": 215457000,
              "status": "passed"
            },
            "line": 6,
            "name": "User hit the service with Employee Id",
            "match": {
              "location": "FndEmpSteps.user_hit_the_service_with_Employee_Id()"
            },
            "keyword": "When "
          },
          {
            "result": {
              "duration": 437400,
              "status": "passed"
            },
            "line": 7,
            "name": "return Employee details recieved successfully",
            "match": {
              "location": "FndEmpSteps.return_Employee_details_recieved_succefully_and_return_status_code()"
            },
            "keyword": "Then "
          }
        ]
      },
      {
        "before": [
          {
            "result": {
              "duration": 5376300,
              "status": "passed"
            },
            "match": {
              "location": "UpdtPhnSteps.setUp()"
            }
          },
          {
            "result": {
              "duration": 3560900,
              "status": "passed"
            },
            "match": {
              "location": "FndEmpPhnsSteps.setUp()"
            }
          },
          {
            "result": {
              "duration": 3488100,
              "status": "passed"
            },
            "match": {
              "location": "FndEmpSteps.setUp()"
            }
          },
          {
            "result": {
              "duration": 4246300,
              "status": "passed"
            },
            "match": {
              "location": "InsPhnSteps.setUp()"
            }
          },
          {
            "result": {
              "duration": 3532201,
              "status": "passed"
            },
            "match": {
              "location": "DelPhnSteps.setUp()"
            }
          }
        ],
        "line": 9,
        "name": "Fetch Employee Id and Name for incorrect Employee Id",
        "description": "",
        "id": "get-employee-id-and-display-name;fetch-employee-id-and-name-for-incorrect-employee-id",
        "type": "scenario",
        "keyword": "Scenario",
        "steps": [
          {
            "result": {
              "duration": 449800,
              "status": "passed"
            },
            "line": 10,
            "name": "I have a list of Employees",
            "match": {
              "location": "FndEmpSteps.i_have_a_list_of_Employees()"
            },
            "keyword": "Given "
          },
          {
            "result": {
              "duration": 170228399,
              "status": "passed"
            },
            "line": 11,
            "name": "User hit the service with incorrect Employee Id 001",
            "match": {
              "arguments": [
                {
                  "val": "001",
                  "offset": 48
                }
              ],
              "location": "FndEmpSteps.user_hit_the_service_with_incorrect_Employee_Id(int)"
            },
            "keyword": "When "
          },
          {
            "result": {
              "duration": 487901,
              "status": "passed"
            },
            "line": 12,
            "name": "return Employee details not found",
            "match": {
              "location": "FndEmpSteps.return_Employee_details_not_found_and_return_status_code()"
            },
            "keyword": "Then "
          }
        ]
      },
      {
        "before": [
          {
            "result": {
              "duration": 4162700,
              "status": "passed"
            },
            "match": {
              "location": "UpdtPhnSteps.setUp()"
            }
          },
          {
            "result": {
              "duration": 4065100,
              "status": "passed"
            },
            "match": {
              "location": "FndEmpPhnsSteps.setUp()"
            }
          },
          {
            "result": {
              "duration": 3889299,
              "status": "passed"
            },
            "match": {
              "location": "FndEmpSteps.setUp()"
            }
          },
          {
            "result": {
              "duration": 3845600,
              "status": "passed"
            },
            "match": {
              "location": "InsPhnSteps.setUp()"
            }
          },
          {
            "result": {
              "duration": 41855200,
              "status": "passed"
            },
            "match": {
              "location": "DelPhnSteps.setUp()"
            }
          }
        ],
        "line": 14,
        "name": "Fetch Employee Id and Name for incorrect URL",
        "description": "",
        "id": "get-employee-id-and-display-name;fetch-employee-id-and-name-for-incorrect-url",
        "type": "scenario",
        "keyword": "Scenario",
        "steps": [
          {
            "result": {
              "duration": 464001,
              "status": "passed"
            },
            "line": 15,
            "name": "I have a list of Employees",
            "match": {
              "location": "FndEmpSteps.i_have_a_list_of_Employees()"
            },
            "keyword": "Given "
          },
          {
            "result": {
              "duration": 43943300,
              "status": "passed"
            },
            "line": 16,
            "name": "User hit the service with incorrect URL",
            "match": {
              "location": "FndEmpSteps.user_hit_the_service_with_incorrect_URL()"
            },
            "keyword": "When "
          },
          {
            "result": {
              "duration": 1290300,
              "status": "passed"
            },
            "line": 17,
            "name": "return incorrect URL",
            "match": {
              "location": "FndEmpSteps.return_incorrect_URL_and_return_status_code()"
            },
            "keyword": "Then "
          }
        ]
      },
      {
        "before": [
          {
            "result": {
              "duration": 5533899,
              "status": "passed"
            },
            "match": {
              "location": "UpdtPhnSteps.setUp()"
            }
          },
          {
            "result": {
              "duration": 5485899,
              "status": "passed"
            },
            "match": {
              "location": "FndEmpPhnsSteps.setUp()"
            }
          },
          {
            "result": {
              "duration": 30788000,
              "status": "passed"
            },
            "match": {
              "location": "FndEmpSteps.setUp()"
            }
          },
          {
            "result": {
              "duration": 43611599,
              "status": "passed"
            },
            "match": {
              "location": "InsPhnSteps.setUp()"
            }
          },
          {
            "result": {
              "duration": 4273200,
              "status": "passed"
            },
            "match": {
              "location": "DelPhnSteps.setUp()"
            }
          }
        ],
        "line": 19,
        "name": "when employee id is null",
        "description": "",
        "id": "get-employee-id-and-display-name;when-employee-id-is-null",
        "type": "scenario",
        "keyword": "Scenario",
        "steps": [
          {
            "result": {
              "duration": 549201,
              "status": "passed"
            },
            "line": 20,
            "name": "I have employee id as null whose details need to be retrieved",
            "match": {
              "location": "FndEmpSteps.I_have_employee_id_as_null_whose_details_need_to_be_retrieved()"
            },
            "keyword": "Given "
          },
          {
            "result": {
              "duration": 5002399,
              "status": "passed"
            },
            "line": 21,
            "name": "I call Get employee name service",
            "match": {
              "location": "FndEmpSteps.I_call_Get_employee_name_service_with_empty_empId()"
            },
            "keyword": "When "
          },
          {
            "result": {
              "duration": 29359499,
              "status": "passed"
            },
            "line": 22,
            "name": "throw error stating employee id cannot be null",
            "match": {
              "location": "FndEmpSteps.employee_id_cannot_be_null()"
            },
            "keyword": "Then "
          }
        ]
      },
      {
        "before": [
          {
            "result": {
              "duration": 6110800,
              "status": "passed"
            },
            "match": {
              "location": "UpdtPhnSteps.setUp()"
            }
          },
          {
            "result": {
              "duration": 4690801,
              "status": "passed"
            },
            "match": {
              "location": "FndEmpPhnsSteps.setUp()"
            }
          },
          {
            "result": {
              "duration": 4263800,
              "status": "passed"
            },
            "match": {
              "location": "FndEmpSteps.setUp()"
            }
          },
          {
            "result": {
              "duration": 8674299,
              "status": "passed"
            },
            "match": {
              "location": "InsPhnSteps.setUp()"
            }
          },
          {
            "result": {
              "duration": 4756400,
              "status": "passed"
            },
            "match": {
              "location": "DelPhnSteps.setUp()"
            }
          }
        ],
        "line": 24,
        "name": "when the header details are given as null",
        "description": "",
        "id": "get-employee-id-and-display-name;when-the-header-details-are-given-as-null",
        "type": "scenario",
        "keyword": "Scenario",
        "steps": [
          {
            "result": {
              "duration": 411000,
              "status": "passed"
            },
            "line": 25,
            "name": "I have given the header details as null for the correct Employee Id",
            "match": {
              "location": "FndEmpSteps.i_have_given_the_header_details_as_null_for_the_correct_Employee_Id()"
            },
            "keyword": "Given "
          },
          {
            "result": {
              "duration": 3043899,
              "status": "passed"
            },
            "line": 26,
            "name": "User calls the Get employee name service with header params as null",
            "match": {
              "location": "FndEmpSteps.user_calls_the_Get_employee_name_service_with_header_params_as_null()"
            },
            "keyword": "When "
          },
          {
            "result": {
              "duration": 613600,
              "status": "passed"
            },
            "line": 27,
            "name": "throw error stating Header Info is not Valid",
            "match": {
              "location": "FndEmpSteps.throw_error_stating_Header_Info_is_not_Valid()"
            },
            "keyword": "Then "
          }
        ]
      }
    ],
    "name": "Get Employee Id and Display Name",
    "description": "",
    "id": "get-employee-id-and-display-name",
    "keyword": "Feature",
    "uri": "src/test/java/com/delta/cru/cucumber/features/fndEmp.feature",
    "tags": []
  },
  {
    "line": 1,
    "elements": [
      {
        "before": [
          {
            "result": {
              "duration": 18009300,
              "status": "passed"
            },
            "match": {
              "location": "UpdtPhnSteps.setUp()"
            }
          },
          {
            "result": {
              "duration": 4546700,
              "status": "passed"
            },
            "match": {
              "location": "FndEmpPhnsSteps.setUp()"
            }
          },
          {
            "result": {
              "duration": 5014100,
              "status": "passed"
            },
            "match": {
              "location": "FndEmpSteps.setUp()"
            }
          },
          {
            "result": {
              "duration": 4864300,
              "status": "passed"
            },
            "match": {
              "location": "InsPhnSteps.setUp()"
            }
          },
          {
            "result": {
              "duration": 14139699,
              "status": "passed"
            },
            "match": {
              "location": "DelPhnSteps.setUp()"
            }
          }
        ],
        "line": 3,
        "name": "i have employee id whose phone number details need to be retrieved",
        "description": "",
        "id": "get-employee-phone-numbers;i-have-employee-id-whose-phone-number-details-need-to-be-retrieved",
        "type": "scenario",
        "keyword": "Scenario",
        "steps": [
          {
            "result": {
              "duration": 413700,
              "status": "passed"
            },
            "line": 4,
            "name": "I have employee id  whose phone number details need to be retrieved",
            "match": {
              "location": "FndEmpPhnsSteps.retrieve_employee_phone_number()"
            },
            "keyword": "Given "
          },
          {
            "result": {
              "duration": 201316099,
              "status": "passed"
            },
            "line": 5,
            "name": "I call Get employee phone record service",
            "match": {
              "location": "FndEmpPhnsSteps.user_hit_the_service_with_Employee_Id()"
            },
            "keyword": "When "
          },
          {
            "result": {
              "duration": 451000,
              "status": "passed"
            },
            "line": 6,
            "name": "employee phone number details need to be displayed",
            "match": {
              "location": "FndEmpPhnsSteps.employee_phone_number_details_need_to_be_displayed()"
            },
            "keyword": "Then "
          }
        ]
      },
      {
        "before": [
          {
            "result": {
              "duration": 4177000,
              "status": "passed"
            },
            "match": {
              "location": "UpdtPhnSteps.setUp()"
            }
          },
          {
            "result": {
              "duration": 3643601,
              "status": "passed"
            },
            "match": {
              "location": "FndEmpPhnsSteps.setUp()"
            }
          },
          {
            "result": {
              "duration": 4488899,
              "status": "passed"
            },
            "match": {
              "location": "FndEmpSteps.setUp()"
            }
          },
          {
            "result": {
              "duration": 3804100,
              "status": "passed"
            },
            "match": {
              "location": "InsPhnSteps.setUp()"
            }
          },
          {
            "result": {
              "duration": 3637000,
              "status": "passed"
            },
            "match": {
              "location": "DelPhnSteps.setUp()"
            }
          }
        ],
        "line": 8,
        "name": "when employee id is empty",
        "description": "",
        "id": "get-employee-phone-numbers;when-employee-id-is-empty",
        "type": "scenario",
        "keyword": "Scenario",
        "steps": [
          {
            "result": {
              "duration": 389900,
              "status": "passed"
            },
            "line": 9,
            "name": "I have employee id as null whose phone number details need to be retrieved",
            "match": {
              "location": "FndEmpPhnsSteps.retrieve_employee_phone_number_for_null_empId()"
            },
            "keyword": "Given "
          },
          {
            "result": {
              "duration": 4232300,
              "status": "passed"
            },
            "line": 10,
            "name": "I call Get employee phone record service with empty empId",
            "match": {
              "location": "FndEmpPhnsSteps.retrieve_phone_numbers_for_empty_empId()"
            },
            "keyword": "When "
          },
          {
            "result": {
              "duration": 1071900,
              "status": "passed"
            },
            "line": 11,
            "name": "throw error employee id cannot be null",
            "match": {
              "location": "FndEmpPhnsSteps.retrieve_phone_numbers_employee_id_cannot_be_null()"
            },
            "keyword": "Then "
          }
        ]
      },
      {
        "before": [
          {
            "result": {
              "duration": 4404599,
              "status": "passed"
            },
            "match": {
              "location": "UpdtPhnSteps.setUp()"
            }
          },
          {
            "result": {
              "duration": 3916500,
              "status": "passed"
            },
            "match": {
              "location": "FndEmpPhnsSteps.setUp()"
            }
          },
          {
            "result": {
              "duration": 4377900,
              "status": "passed"
            },
            "match": {
              "location": "FndEmpSteps.setUp()"
            }
          },
          {
            "result": {
              "duration": 3479600,
              "status": "passed"
            },
            "match": {
              "location": "InsPhnSteps.setUp()"
            }
          },
          {
            "result": {
              "duration": 3519600,
              "status": "passed"
            },
            "match": {
              "location": "DelPhnSteps.setUp()"
            }
          }
        ],
        "line": 13,
        "name": "when employee id does not match",
        "description": "",
        "id": "get-employee-phone-numbers;when-employee-id-does-not-match",
        "type": "scenario",
        "keyword": "Scenario",
        "steps": [
          {
            "result": {
              "duration": 535300,
              "status": "passed"
            },
            "line": 14,
            "name": "I have employee id whose details need to be retrieved which is not available in DB",
            "match": {
              "location": "FndEmpPhnsSteps.retrieve_employee_phone_number_for_incorrect_empId()"
            },
            "keyword": "Given "
          },
          {
            "result": {
              "duration": 312380401,
              "status": "passed"
            },
            "line": 15,
            "name": "I call Get employee phone record service with incorrect empId",
            "match": {
              "location": "FndEmpPhnsSteps.user_hit_the_service_with_incorrect_Employee_Id()"
            },
            "keyword": "When "
          },
          {
            "result": {
              "duration": 444600,
              "status": "passed"
            },
            "line": 16,
            "name": "dont display employee phone number details",
            "match": {
              "location": "FndEmpPhnsSteps.return_Employee_details_not_found_and_return_status_code()"
            },
            "keyword": "Then "
          }
        ]
      }
    ],
    "name": "Get Employee phone numbers",
    "description": "",
    "id": "get-employee-phone-numbers",
    "keyword": "Feature",
    "uri": "src/test/java/com/delta/cru/cucumber/features/fndEmpPhns.feature",
    "tags": []
  },
  {
    "line": 1,
    "elements": [
      {
        "before": [
          {
            "result": {
              "duration": 4263200,
              "status": "passed"
            },
            "match": {
              "location": "UpdtPhnSteps.setUp()"
            }
          },
          {
            "result": {
              "duration": 5954201,
              "status": "passed"
            },
            "match": {
              "location": "FndEmpPhnsSteps.setUp()"
            }
          },
          {
            "result": {
              "duration": 4083499,
              "status": "passed"
            },
            "match": {
              "location": "FndEmpSteps.setUp()"
            }
          },
          {
            "result": {
              "duration": 3586800,
              "status": "passed"
            },
            "match": {
              "location": "InsPhnSteps.setUp()"
            }
          },
          {
            "result": {
              "duration": 3391100,
              "status": "passed"
            },
            "match": {
              "location": "DelPhnSteps.setUp()"
            }
          }
        ],
        "line": 3,
        "name": "Insert phone numbers of employees",
        "description": "",
        "id": "insert-employee-phone-numbers;insert-phone-numbers-of-employees",
        "type": "scenario",
        "keyword": "Scenario",
        "steps": [
          {
            "result": {
              "duration": 386000,
              "status": "passed"
            },
            "line": 4,
            "name": "I have phone number to be inserted",
            "match": {
              "location": "InsPhnSteps.insert_ph_number()"
            },
            "keyword": "Given "
          },
          {
            "result": {
              "duration": 327954200,
              "status": "passed"
            },
            "line": 5,
            "name": "I call insert employee phone number service",
            "match": {
              "location": "InsPhnSteps.call_insert_phone_service_to_insert_data()"
            },
            "keyword": "When "
          },
          {
            "result": {
              "duration": 399200,
              "status": "passed"
            },
            "line": 6,
            "name": "insert phone number",
            "match": {
              "location": "InsPhnSteps.insert_valid_phone_number_response()"
            },
            "keyword": "Then "
          }
        ]
      },
      {
        "before": [
          {
            "result": {
              "duration": 4084799,
              "status": "passed"
            },
            "match": {
              "location": "UpdtPhnSteps.setUp()"
            }
          },
          {
            "result": {
              "duration": 3514500,
              "status": "passed"
            },
            "match": {
              "location": "FndEmpPhnsSteps.setUp()"
            }
          },
          {
            "result": {
              "duration": 3461800,
              "status": "passed"
            },
            "match": {
              "location": "FndEmpSteps.setUp()"
            }
          },
          {
            "result": {
              "duration": 3653299,
              "status": "passed"
            },
            "match": {
              "location": "InsPhnSteps.setUp()"
            }
          },
          {
            "result": {
              "duration": 4081900,
              "status": "passed"
            },
            "match": {
              "location": "DelPhnSteps.setUp()"
            }
          }
        ],
        "line": 8,
        "name": "when employee id is null",
        "description": "",
        "id": "insert-employee-phone-numbers;when-employee-id-is-null",
        "type": "scenario",
        "keyword": "Scenario",
        "steps": [
          {
            "result": {
              "duration": 388401,
              "status": "passed"
            },
            "line": 9,
            "name": "I have phone number to be inserted and employee id to be associated with it as null",
            "match": {
              "location": "InsPhnSteps.insert_ph_number_with_null_employee_id()"
            },
            "keyword": "Given "
          },
          {
            "result": {
              "duration": 90702401,
              "status": "passed"
            },
            "line": 10,
            "name": "I call insert employee phone number service with null employee Id",
            "match": {
              "location": "InsPhnSteps.call_insert_phone_service_to_insert_data_with_null_employee_id()"
            },
            "keyword": "When "
          },
          {
            "result": {
              "duration": 457400,
              "status": "passed"
            },
            "line": 11,
            "name": "throw error as employee id can not be null",
            "match": {
              "location": "InsPhnSteps.insert_invalid_phone_number_response_for_null_employee_id()"
            },
            "keyword": "Then "
          }
        ]
      },
      {
        "before": [
          {
            "result": {
              "duration": 4135900,
              "status": "passed"
            },
            "match": {
              "location": "UpdtPhnSteps.setUp()"
            }
          },
          {
            "result": {
              "duration": 3719100,
              "status": "passed"
            },
            "match": {
              "location": "FndEmpPhnsSteps.setUp()"
            }
          },
          {
            "result": {
              "duration": 3722400,
              "status": "passed"
            },
            "match": {
              "location": "FndEmpSteps.setUp()"
            }
          },
          {
            "result": {
              "duration": 4025499,
              "status": "passed"
            },
            "match": {
              "location": "InsPhnSteps.setUp()"
            }
          },
          {
            "result": {
              "duration": 4240400,
              "status": "passed"
            },
            "match": {
              "location": "DelPhnSteps.setUp()"
            }
          }
        ],
        "line": 13,
        "name": "Insert phone numbers of employees by calling SP",
        "description": "",
        "id": "insert-employee-phone-numbers;insert-phone-numbers-of-employees-by-calling-sp",
        "type": "scenario",
        "keyword": "Scenario",
        "steps": [
          {
            "result": {
              "duration": 512000,
              "status": "passed"
            },
            "line": 14,
            "name": "I have phone number to be inserted",
            "match": {
              "location": "InsPhnSteps.insert_ph_number()"
            },
            "keyword": "Given "
          },
          {
            "result": {
              "duration": 619300,
              "status": "passed"
            },
            "line": 15,
            "name": "I call insert employee phone number service which calls SP",
            "match": {
              "location": "InsPhnSteps.call_insert_phone_service_to_insert_data_by_calling_SP()"
            },
            "keyword": "When "
          },
          {
            "result": {
              "duration": 387200,
              "status": "passed"
            },
            "line": 16,
            "name": "insert phone number",
            "match": {
              "location": "InsPhnSteps.insert_valid_phone_number_response()"
            },
            "keyword": "Then "
          }
        ]
      },
      {
        "before": [
          {
            "result": {
              "duration": 4137901,
              "status": "passed"
            },
            "match": {
              "location": "UpdtPhnSteps.setUp()"
            }
          },
          {
            "result": {
              "duration": 3435801,
              "status": "passed"
            },
            "match": {
              "location": "FndEmpPhnsSteps.setUp()"
            }
          },
          {
            "result": {
              "duration": 3548099,
              "status": "passed"
            },
            "match": {
              "location": "FndEmpSteps.setUp()"
            }
          },
          {
            "result": {
              "duration": 4072200,
              "status": "passed"
            },
            "match": {
              "location": "InsPhnSteps.setUp()"
            }
          },
          {
            "result": {
              "duration": 3804101,
              "status": "passed"
            },
            "match": {
              "location": "DelPhnSteps.setUp()"
            }
          }
        ],
        "line": 18,
        "name": "when phone number is provided as null",
        "description": "",
        "id": "insert-employee-phone-numbers;when-phone-number-is-provided-as-null",
        "type": "scenario",
        "keyword": "Scenario",
        "steps": [
          {
            "result": {
              "duration": 420500,
              "status": "passed"
            },
            "line": 19,
            "name": "I have phone number as null which needs to be inserted",
            "match": {
              "location": "InsPhnSteps.insert_ph_number_with_null_phone_number()"
            },
            "keyword": "Given "
          },
          {
            "result": {
              "duration": 78189700,
              "status": "passed"
            },
            "line": 20,
            "name": "I call employee phone numbers service to insert with null phone number",
            "match": {
              "location": "InsPhnSteps.call_insert_phone_service_to_insert_data_with_null_phone_number()"
            },
            "keyword": "When "
          },
          {
            "result": {
              "duration": 389000,
              "status": "passed"
            },
            "line": 21,
            "name": "throw error as employee phone number can not be null",
            "match": {
              "location": "InsPhnSteps.insert_invalid_phone_number_response_for_null_phone_number()"
            },
            "keyword": "Then "
          }
        ]
      },
      {
        "before": [
          {
            "result": {
              "duration": 3872501,
              "status": "passed"
            },
            "match": {
              "location": "UpdtPhnSteps.setUp()"
            }
          },
          {
            "result": {
              "duration": 3448600,
              "status": "passed"
            },
            "match": {
              "location": "FndEmpPhnsSteps.setUp()"
            }
          },
          {
            "result": {
              "duration": 3626300,
              "status": "passed"
            },
            "match": {
              "location": "FndEmpSteps.setUp()"
            }
          },
          {
            "result": {
              "duration": 7641900,
              "status": "passed"
            },
            "match": {
              "location": "InsPhnSteps.setUp()"
            }
          },
          {
            "result": {
              "duration": 3581200,
              "status": "passed"
            },
            "match": {
              "location": "DelPhnSteps.setUp()"
            }
          }
        ],
        "line": 23,
        "name": "when other parameters is provided as null except Phone number and Employee Id",
        "description": "",
        "id": "insert-employee-phone-numbers;when-other-parameters-is-provided-as-null-except-phone-number-and-employee-id",
        "type": "scenario",
        "keyword": "Scenario",
        "steps": [
          {
            "result": {
              "duration": 391800,
              "status": "passed"
            },
            "line": 24,
            "name": "I have other parameters as null which needs to be inserted",
            "match": {
              "location": "InsPhnSteps.insert_ph_number_with_null_parameters()"
            },
            "keyword": "Given "
          },
          {
            "result": {
              "duration": 132007700,
              "status": "passed"
            },
            "line": 25,
            "name": "I call employee phone numbers service to insert with other null parameters",
            "match": {
              "location": "InsPhnSteps.call_insert_phone_service_to_insert_data_with_null_parameters()"
            },
            "keyword": "When "
          },
          {
            "result": {
              "duration": 405899,
              "status": "passed"
            },
            "line": 26,
            "name": "insert the phone with other null parameters",
            "match": {
              "location": "InsPhnSteps.insert_invalid_phone_number_response_for_null_parameters()"
            },
            "keyword": "Then "
          }
        ]
      },
      {
        "before": [
          {
            "result": {
              "duration": 4059700,
              "status": "passed"
            },
            "match": {
              "location": "UpdtPhnSteps.setUp()"
            }
          },
          {
            "result": {
              "duration": 3269800,
              "status": "passed"
            },
            "match": {
              "location": "FndEmpPhnsSteps.setUp()"
            }
          },
          {
            "result": {
              "duration": 3387300,
              "status": "passed"
            },
            "match": {
              "location": "FndEmpSteps.setUp()"
            }
          },
          {
            "result": {
              "duration": 3328499,
              "status": "passed"
            },
            "match": {
              "location": "InsPhnSteps.setUp()"
            }
          },
          {
            "result": {
              "duration": 3663700,
              "status": "passed"
            },
            "match": {
              "location": "DelPhnSteps.setUp()"
            }
          }
        ],
        "line": 28,
        "name": "when the insert phone service url is wrong",
        "description": "",
        "id": "insert-employee-phone-numbers;when-the-insert-phone-service-url-is-wrong",
        "type": "scenario",
        "keyword": "Scenario",
        "steps": [
          {
            "result": {
              "duration": 403400,
              "status": "passed"
            },
            "line": 29,
            "name": "I have phone number to be inserted with wrong url",
            "match": {
              "location": "InsPhnSteps.insert_ph_number_with_wrong_url()"
            },
            "keyword": "Given "
          },
          {
            "result": {
              "duration": 5419800,
              "status": "passed"
            },
            "line": 30,
            "name": "I call employee phone numbers service to insert with with wrong url",
            "match": {
              "location": "InsPhnSteps.call_insert_phone_service_to_insert_data_with_wrong_url()"
            },
            "keyword": "When "
          },
          {
            "result": {
              "duration": 940200,
              "status": "passed"
            },
            "line": 31,
            "name": "throw error as url is wrong",
            "match": {
              "location": "InsPhnSteps.insert_invalid_phone_number_response_with_wrong_url()"
            },
            "keyword": "Then "
          }
        ]
      }
    ],
    "name": "Insert Employee Phone Numbers",
    "description": "",
    "id": "insert-employee-phone-numbers",
    "keyword": "Feature",
    "uri": "src/test/java/com/delta/cru/cucumber/features/insPhn.feature",
    "tags": []
  },
  {
    "line": 1,
    "elements": [
      {
        "before": [
          {
            "result": {
              "duration": 3924900,
              "status": "passed"
            },
            "match": {
              "location": "UpdtPhnSteps.setUp()"
            }
          },
          {
            "result": {
              "duration": 3351301,
              "status": "passed"
            },
            "match": {
              "location": "FndEmpPhnsSteps.setUp()"
            }
          },
          {
            "result": {
              "duration": 49063200,
              "status": "passed"
            },
            "match": {
              "location": "FndEmpSteps.setUp()"
            }
          },
          {
            "result": {
              "duration": 3388200,
              "status": "passed"
            },
            "match": {
              "location": "InsPhnSteps.setUp()"
            }
          },
          {
            "result": {
              "duration": 3299200,
              "status": "passed"
            },
            "match": {
              "location": "DelPhnSteps.setUp()"
            }
          }
        ],
        "line": 3,
        "name": "Update phone numbers of employees",
        "description": "",
        "id": "update-employee-phone-numbers;update-phone-numbers-of-employees",
        "type": "scenario",
        "keyword": "Scenario",
        "steps": [
          {
            "result": {
              "duration": 398200,
              "status": "passed"
            },
            "line": 4,
            "name": "I have phone number to be updated",
            "match": {
              "location": "UpdtPhnSteps.update_ph_number()"
            },
            "keyword": "Given "
          },
          {
            "result": {
              "duration": 233649300,
              "status": "passed"
            },
            "line": 5,
            "name": "I call update employee phone number service",
            "match": {
              "location": "UpdtPhnSteps.call_update_phone_service_to_update_data()"
            },
            "keyword": "When "
          },
          {
            "result": {
              "duration": 428000,
              "status": "passed"
            },
            "line": 6,
            "name": "update phone number",
            "match": {
              "location": "UpdtPhnSteps.update_valid_phone_number_response()"
            },
            "keyword": "Then "
          }
        ]
      },
      {
        "before": [
          {
            "result": {
              "duration": 3912200,
              "status": "passed"
            },
            "match": {
              "location": "UpdtPhnSteps.setUp()"
            }
          },
          {
            "result": {
              "duration": 3433099,
              "status": "passed"
            },
            "match": {
              "location": "FndEmpPhnsSteps.setUp()"
            }
          },
          {
            "result": {
              "duration": 3281500,
              "status": "passed"
            },
            "match": {
              "location": "FndEmpSteps.setUp()"
            }
          },
          {
            "result": {
              "duration": 3303000,
              "status": "passed"
            },
            "match": {
              "location": "InsPhnSteps.setUp()"
            }
          },
          {
            "result": {
              "duration": 3271200,
              "status": "passed"
            },
            "match": {
              "location": "DelPhnSteps.setUp()"
            }
          }
        ],
        "line": 8,
        "name": "Update phone numbers of employees by calling SP",
        "description": "",
        "id": "update-employee-phone-numbers;update-phone-numbers-of-employees-by-calling-sp",
        "type": "scenario",
        "keyword": "Scenario",
        "steps": [
          {
            "result": {
              "duration": 661200,
              "status": "passed"
            },
            "line": 9,
            "name": "I have phone number to be updated",
            "match": {
              "location": "UpdtPhnSteps.update_ph_number()"
            },
            "keyword": "Given "
          },
          {
            "result": {
              "duration": 250077899,
              "status": "passed"
            },
            "line": 10,
            "name": "I call update employee phone number service which calls SP",
            "match": {
              "location": "UpdtPhnSteps.call_update_phone_service_to_update_data_by_calling_SP()"
            },
            "keyword": "When "
          },
          {
            "result": {
              "duration": 387701,
              "status": "passed"
            },
            "line": 11,
            "name": "update phone number",
            "match": {
              "location": "UpdtPhnSteps.update_valid_phone_number_response()"
            },
            "keyword": "Then "
          }
        ]
      },
      {
        "before": [
          {
            "result": {
              "duration": 5876099,
              "status": "passed"
            },
            "match": {
              "location": "UpdtPhnSteps.setUp()"
            }
          },
          {
            "result": {
              "duration": 4380901,
              "status": "passed"
            },
            "match": {
              "location": "FndEmpPhnsSteps.setUp()"
            }
          },
          {
            "result": {
              "duration": 4976600,
              "status": "passed"
            },
            "match": {
              "location": "FndEmpSteps.setUp()"
            }
          },
          {
            "result": {
              "duration": 6255600,
              "status": "passed"
            },
            "match": {
              "location": "InsPhnSteps.setUp()"
            }
          },
          {
            "result": {
              "duration": 7942199,
              "status": "passed"
            },
            "match": {
              "location": "DelPhnSteps.setUp()"
            }
          }
        ],
        "line": 13,
        "name": "when employee id is null",
        "description": "",
        "id": "update-employee-phone-numbers;when-employee-id-is-null",
        "type": "scenario",
        "keyword": "Scenario",
        "steps": [
          {
            "result": {
              "duration": 4459499,
              "status": "passed"
            },
            "line": 14,
            "name": "I have phone number to be updated and employee id to be associated with it as null",
            "match": {
              "location": "UpdtPhnSteps.update_ph_number_with_null_employee_id()"
            },
            "keyword": "Given "
          },
          {
            "result": {
              "duration": 27549900,
              "status": "passed"
            },
            "line": 15,
            "name": "I call update employee phone number service with null employee Id",
            "match": {
              "location": "UpdtPhnSteps.call_update_phone_service_to_update_data_with_null_employee_id()"
            },
            "keyword": "When "
          },
          {
            "result": {
              "duration": 4932300,
              "status": "passed"
            },
            "line": 16,
            "name": "throw error as employee id can not be null for update phone service",
            "match": {
              "location": "UpdtPhnSteps.update_invalid_phone_number_response_for_null_employee_id()"
            },
            "keyword": "Then "
          }
        ]
      },
      {
        "before": [
          {
            "result": {
              "duration": 4585499,
              "status": "passed"
            },
            "match": {
              "location": "UpdtPhnSteps.setUp()"
            }
          },
          {
            "result": {
              "duration": 4393500,
              "status": "passed"
            },
            "match": {
              "location": "FndEmpPhnsSteps.setUp()"
            }
          },
          {
            "result": {
              "duration": 4069600,
              "status": "passed"
            },
            "match": {
              "location": "FndEmpSteps.setUp()"
            }
          },
          {
            "result": {
              "duration": 4279101,
              "status": "passed"
            },
            "match": {
              "location": "InsPhnSteps.setUp()"
            }
          },
          {
            "result": {
              "duration": 4575900,
              "status": "passed"
            },
            "match": {
              "location": "DelPhnSteps.setUp()"
            }
          }
        ],
        "line": 18,
        "name": "when phone number is provided as null",
        "description": "",
        "id": "update-employee-phone-numbers;when-phone-number-is-provided-as-null",
        "type": "scenario",
        "keyword": "Scenario",
        "steps": [
          {
            "result": {
              "duration": 491100,
              "status": "passed"
            },
            "line": 19,
            "name": "I have phone number as null which needs to be updated",
            "match": {
              "location": "UpdtPhnSteps.update_ph_number_with_null_phone_number()"
            },
            "keyword": "Given "
          },
          {
            "result": {
              "duration": 24129200,
              "status": "passed"
            },
            "line": 20,
            "name": "I call employee phone numbers service to update with null phone number",
            "match": {
              "location": "UpdtPhnSteps.call_update_phone_service_to_update_data_with_null_phone_number()"
            },
            "keyword": "When "
          },
          {
            "result": {
              "duration": 9811800,
              "status": "passed"
            },
            "line": 21,
            "name": "throw error as employee phone number can not be null for update phone service",
            "match": {
              "location": "UpdtPhnSteps.update_invalid_phone_number_response_for_null_phone_number()"
            },
            "keyword": "Then "
          }
        ]
      },
      {
        "before": [
          {
            "result": {
              "duration": 5721600,
              "status": "passed"
            },
            "match": {
              "location": "UpdtPhnSteps.setUp()"
            }
          },
          {
            "result": {
              "duration": 4359200,
              "status": "passed"
            },
            "match": {
              "location": "FndEmpPhnsSteps.setUp()"
            }
          },
          {
            "result": {
              "duration": 4051400,
              "status": "passed"
            },
            "match": {
              "location": "FndEmpSteps.setUp()"
            }
          },
          {
            "result": {
              "duration": 4105900,
              "status": "passed"
            },
            "match": {
              "location": "InsPhnSteps.setUp()"
            }
          },
          {
            "result": {
              "duration": 4100400,
              "status": "passed"
            },
            "match": {
              "location": "DelPhnSteps.setUp()"
            }
          }
        ],
        "line": 23,
        "name": "when effective date is provided as null",
        "description": "",
        "id": "update-employee-phone-numbers;when-effective-date-is-provided-as-null",
        "type": "scenario",
        "keyword": "Scenario",
        "steps": [
          {
            "result": {
              "duration": 498700,
              "status": "passed"
            },
            "line": 24,
            "name": "I have effective date as null which needs to be updated",
            "match": {
              "location": "UpdtPhnSteps.update_ph_number_with_null_effective_date()"
            },
            "keyword": "Given "
          },
          {
            "result": {
              "duration": 13155699,
              "status": "passed"
            },
            "line": 25,
            "name": "I call employee phone numbers service to update with null effective date",
            "match": {
              "location": "UpdtPhnSteps.call_update_phone_service_to_update_data_with_null_effective_date()"
            },
            "keyword": "When "
          },
          {
            "result": {
              "duration": 4741700,
              "status": "passed"
            },
            "line": 26,
            "name": "throw error as effective date can not be null for update phone service",
            "match": {
              "location": "UpdtPhnSteps.update_invalid_phone_number_response_for_null_effective_date()"
            },
            "keyword": "Then "
          }
        ]
      },
      {
        "before": [
          {
            "result": {
              "duration": 6039899,
              "status": "passed"
            },
            "match": {
              "location": "UpdtPhnSteps.setUp()"
            }
          },
          {
            "result": {
              "duration": 4623100,
              "status": "passed"
            },
            "match": {
              "location": "FndEmpPhnsSteps.setUp()"
            }
          },
          {
            "result": {
              "duration": 5151399,
              "status": "passed"
            },
            "match": {
              "location": "FndEmpSteps.setUp()"
            }
          },
          {
            "result": {
              "duration": 4471100,
              "status": "passed"
            },
            "match": {
              "location": "InsPhnSteps.setUp()"
            }
          },
          {
            "result": {
              "duration": 4631999,
              "status": "passed"
            },
            "match": {
              "location": "DelPhnSteps.setUp()"
            }
          }
        ],
        "line": 28,
        "name": "when phone type code is provided as null",
        "description": "",
        "id": "update-employee-phone-numbers;when-phone-type-code-is-provided-as-null",
        "type": "scenario",
        "keyword": "Scenario",
        "steps": [
          {
            "result": {
              "duration": 539399,
              "status": "passed"
            },
            "line": 29,
            "name": "I have phone type code as null which needs to be updated",
            "match": {
              "location": "UpdtPhnSteps.update_ph_number_with_null_phone_type_code()"
            },
            "keyword": "Given "
          },
          {
            "result": {
              "duration": 11104101,
              "status": "passed"
            },
            "line": 30,
            "name": "I call employee phone numbers service to update with null phone type code",
            "match": {
              "location": "UpdtPhnSteps.call_update_phone_service_to_update_data_with_null_phone_type_code()"
            },
            "keyword": "When "
          },
          {
            "result": {
              "duration": 9955401,
              "status": "passed"
            },
            "line": 31,
            "name": "throw error as phone type code can not be null for update phone service",
            "match": {
              "location": "UpdtPhnSteps.update_invalid_phone_number_response_for_null_phone_type_code()"
            },
            "keyword": "Then "
          }
        ]
      },
      {
        "before": [
          {
            "result": {
              "duration": 4582399,
              "status": "passed"
            },
            "match": {
              "location": "UpdtPhnSteps.setUp()"
            }
          },
          {
            "result": {
              "duration": 4161901,
              "status": "passed"
            },
            "match": {
              "location": "FndEmpPhnsSteps.setUp()"
            }
          },
          {
            "result": {
              "duration": 4135400,
              "status": "passed"
            },
            "match": {
              "location": "FndEmpSteps.setUp()"
            }
          },
          {
            "result": {
              "duration": 4096200,
              "status": "passed"
            },
            "match": {
              "location": "InsPhnSteps.setUp()"
            }
          },
          {
            "result": {
              "duration": 4186499,
              "status": "passed"
            },
            "match": {
              "location": "DelPhnSteps.setUp()"
            }
          }
        ],
        "line": 33,
        "name": "when the update phone service url is wrong",
        "description": "",
        "id": "update-employee-phone-numbers;when-the-update-phone-service-url-is-wrong",
        "type": "scenario",
        "keyword": "Scenario",
        "steps": [
          {
            "result": {
              "duration": 528700,
              "status": "passed"
            },
            "line": 34,
            "name": "I have phone number to be updated with wrong url",
            "match": {
              "location": "UpdtPhnSteps.update_ph_number_with_wrong_url()"
            },
            "keyword": "Given "
          },
          {
            "result": {
              "duration": 13512900,
              "status": "passed"
            },
            "line": 35,
            "name": "I call employee phone numbers service to update with with wrong url",
            "match": {
              "location": "UpdtPhnSteps.call_update_phone_service_to_update_data_with_wrong_url()"
            },
            "keyword": "When "
          },
          {
            "result": {
              "duration": 446300,
              "status": "passed"
            },
            "line": 36,
            "name": "throw error as update url is wrong",
            "match": {
              "location": "UpdtPhnSteps.update_invalid_phone_number_response_with_wrong_url()"
            },
            "keyword": "Then "
          }
        ]
      }
    ],
    "name": "Update Employee Phone Numbers",
    "description": "",
    "id": "update-employee-phone-numbers",
    "keyword": "Feature",
    "uri": "src/test/java/com/delta/cru/cucumber/features/updtPhn.feature",
    "tags": []
  }
]