{
    "deploy": {
        "artifact":{
    			"artifactName":"BsPrdTmpltSvcRst",
    			"artifactType":"war",
    			"artifactVersion":"1.0.0"
    		},
    		"was":{
    			"hosts":[
    			    {
        				"hostName":"cruwd3201naa.delta.com",
        				"userName":"crud",
        				"deployScriptPath":"/dvl/cru/apps",
        				"wasWrapperPath":"/dvl/cru/was/admin_i1/scripts",
        				"applicationInstallDiry":"/dvl/cru/was/i1/appserver/cru321/installedApps/cru32",
        				"applicationContext":"/BsPrdTmpltSvcRstCtxt",
        				"unit":"cru01",
        				"cell":"cru32",
        				"node":"cru321",
        				"modules":[{
        					"module":"BsPrdTmpltSvcRst-1.0.0-SNAPSHOT.war",
        					"uri":"BsPrdTmpltSvcRst-1.0.0-SNAPSHOT.war,WEB-INF/web.xml",
        					"servers":[
        					    "crus32105"
        					 ]
        				}]
    			    }
    			  ]
    		}

    }
}